,City,Country,Max Temp,Current Description,Lat,Lng,Hotel Name
1,San Jose,US,85.1,smoke,37.3394,-121.895,The Westin San Jose
4,Butaritari,KI,82.53,broken clouds,3.0707,172.7902,Isles Sunset Lodge
7,Caravelas,BR,73.99,clear sky,-17.7125,-39.2481,Pousada dos Navegantes
8,Bengkulu,ID,74.86,overcast clouds,-3.8004,102.2655,Grage Hotel Bengkulu
10,Atuona,PF,77.05,clear sky,-9.8,-139.0333,Villa Enata
11,Assiniboia,CA,73.22,broken clouds,49.6334,-105.9845,Canalta Hotel Assiniboia
13,Guerrero Negro,MX,86.4,clear sky,27.9769,-114.0611,"Casa Laguna, Bed & Breakfast"
14,Barranca,PE,62.29,overcast clouds,-10.75,-77.7667,El Olivar Hospedaje
15,Buraydah,SA,77.45,clear sky,26.326,43.975,M√∂venpick Qassim
17,Shimoda,JP,69.1,few clouds,34.6667,138.95,Shimoda Tokyu Hotel
19,Khipro,PK,79.29,few clouds,25.8285,69.3772,Wali M Dars Hottle
23,Uch,FR,63.03,overcast clouds,45.3192,-0.9345,Tour H√¥tel
24,Hilo,US,85.28,moderate rain,19.7297,-155.09,Hilo Hawaiian Hotel
26,Saint-Philippe,RE,67.59,scattered clouds,-21.3585,55.7679,Le four √† pain
29,Mackay,AU,69.67,overcast clouds,-21.15,149.2,International Lodge Motel
32,Canton,CN,82.35,scattered clouds,23.1167,113.25,Shangjiuwan Hotel
38,Jacareacanga,BR,84.69,broken clouds,-6.2222,-57.7528,Casa do Ianüòé
40,Arraial Do Cabo,BR,73.36,broken clouds,-22.9661,-42.0278,Pousada Porto Praia
41,Misratah,LY,79.79,overcast clouds,32.3754,15.0925,Almasa Hotel
42,Amahai,ID,77.54,light rain,-3.3333,128.9167,HOTEL ISABELA
43,Bethel,US,67.69,overcast clouds,41.3712,-73.414,Courtyard by Marriott Danbury
45,Port-Gentil,GA,76.96,scattered clouds,-0.7193,8.7815,Fengshui Residence
46,Nouadhibou,MR,78.78,broken clouds,20.931,-17.0347,El Medina
47,Kapaa,US,84.52,few clouds,22.0752,-159.319,Sheraton Kauai Coconut Beach Resort
48,Hithadhoo,MV,79.45,moderate rain,-0.6,73.0833,Scoop Guest House
51,Bodri,IN,72.45,scattered clouds,23.1667,81.4333,Shivam R√†jp√∫t
55,Port Alfred,ZA,64.18,light rain,-33.5906,26.891,The Halyards Hotel
57,Mitzic,GA,67.75,moderate rain,0.7821,11.549,Motel Emys
58,Ponta Delgada,PT,68.5,few clouds,37.7333,-25.6667,Vila Nova Hotel
61,Vaini,TO,74.35,light rain,-21.2,-175.2,Keleti Beach Resort
64,Mbala,ZM,66.2,scattered clouds,-8.8402,31.3659,Lake Chila Lodge
65,Gigmoto,PH,79.79,overcast clouds,13.7796,124.39,Cj's Travellers Inn
66,Avarua,CK,78.85,overcast clouds,-21.2078,-159.775,Paradise Inn
67,Jiaojiang,CN,73.0,overcast clouds,28.6803,121.4428,Fangyuan Hotel
71,Cidreira,BR,61.59,overcast clouds,-30.1811,-50.2056,Hotel Castelo
73,Rio Grande,BR,68.11,clear sky,-32.035,-52.0986,Hotel Atl√¢ntico Rio Grande
74,Tete,MZ,89.69,scattered clouds,-16.1564,33.5867,Zambeze Para√≠so Misterioso
77,Rikitea,PF,69.6,broken clouds,-23.1203,-134.9692,People ThankYou
80,Sandpoint,US,85.86,clear sky,48.2766,-116.5533,La Quinta Inn by Wyndham Sandpoint
88,Port Elizabeth,ZA,66.09,mist,-33.918,25.5701,39 On Nile Guest House
89,Darnah,LY,83.48,few clouds,32.767,22.6367,ŸÅŸÜÿØŸÇ ÿßŸÑŸÅÿ±ÿØŸàÿ≥
95,Eyl,SO,79.03,overcast clouds,7.9803,49.8164,Amiin Hotel
97,Emerald,AU,66.34,overcast clouds,-23.5333,148.1667,The Irish Village
98,Cockburn Town,TC,82.56,scattered clouds,21.4612,-71.1419,Osprey Beach Hotel
99,Vila Franca Do Campo,PT,69.19,few clouds,37.7167,-25.4333,Pestana Bahia Praia
100,Baghdad,IQ,71.51,clear sky,33.3406,44.4009,Baghdad Hotel
103,Seoul,KR,62.04,clear sky,37.5683,126.9778,LOTTE HOTEL SEOUL
105,Biu,NG,68.36,broken clouds,10.6129,12.1946,Emir's Palace
106,Naze,JP,72.52,clear sky,28.3667,129.4833,Shishime Hotel
107,Kavaratti,IN,81.41,broken clouds,10.5669,72.642,Green leaf
108,Georgetown,MY,79.9,thunderstorm,5.4112,100.3354,Cititel Penang
109,Florence,IT,64.54,scattered clouds,43.7667,11.25,Hotel Nuova Italia
113,Padang,ID,75.33,broken clouds,-0.9492,100.3543,Mercure Padang
114,Karaton,ID,72.99,overcast clouds,-6.3424,106.1045,Parkir Mobil Wisata CAS Water Park
115,Sao Jose Da Coroa Grande,BR,74.26,clear sky,-8.8978,-35.1478,Cr√¥a Mares Hotel
116,Hambantota,LK,75.54,scattered clouds,6.1241,81.1185,Bungalow 63
117,Road Town,VG,86.04,scattered clouds,18.4167,-64.6167,"ZINGARA 76ft Catamaran, full crew-all included"
118,Yellowknife,CA,70.32,broken clouds,62.456,-114.3525,The Explorer Hotel
119,Aksu,CN,66.67,clear sky,41.1231,80.2644,Pudong Holiday Hotel
120,Marawi,PH,69.8,overcast clouds,7.9986,124.2928,Derogongan Residence
121,Khowst,AF,69.53,clear sky,33.3833,69.8833,Ÿà⁄ÜŸá ÿÆŸà⁄ìŸáÿåWacha Khwara
122,Cayhagan,PH,77.58,overcast clouds,9.6697,122.4256,Melrose Beach Resort
123,Tautira,PF,77.38,light rain,-17.7333,-149.15,Pension Oaoa
124,Soe,ID,67.28,scattered clouds,-9.8607,124.284,Dena Hotel
125,Carnarvon,AU,65.55,clear sky,-24.8667,113.6333,Hospitality Carnarvon
126,Kruisfontein,ZA,63.88,overcast clouds,-34.0033,24.7314,Oyster Bay House Rental
134,Ponta Do Sol,PT,72.23,overcast clouds,32.6667,-17.1,Hotel do Campo
135,Acapulco,MX,84.02,broken clouds,16.8634,-99.8901,HS Hotsson Smart Acapulco
138,Mahebourg,MU,71.89,broken clouds,-20.4081,57.7,Shandrani Beachcomber Resort & Spa
139,Los Llanos De Aridane,ES,71.13,few clouds,28.6585,-17.9182,Valle Aridane
140,Kieta,PG,81.28,light rain,-6.2167,155.6333,Uruna Bay Retreat
142,Lazaro Cardenas,MX,82.85,overcast clouds,17.9583,-102.2,HOTEL QUINTA ANTIGUA
145,Alta Floresta,BR,76.51,moderate rain,-9.8756,-56.0861,Floresta Amazonica Hotel
147,Florianopolis,BR,69.03,light rain,-27.6146,-48.5012,Hotel Boutique Quinta das Videiras
148,Shingu,JP,71.29,light rain,33.7333,135.9833,Shingu UI Hotel
149,Hamilton,US,64.99,broken clouds,39.1834,-84.5333,Six Acres Bed & Breakfast
150,Asfi,MA,68.63,clear sky,32.2994,-9.2372,H√¥tel Abda
151,Katherine,AU,80.92,overcast clouds,-14.4667,132.2667,Pine Tree Motel
152,Hobyo,SO,77.47,few clouds,5.3505,48.5268,Halane Hotel and Restaurent
153,Vao,NC,74.43,clear sky,-22.6667,167.4833,Hotel Kou-Bugny
154,Mount Isa,AU,62.37,light rain,-20.7333,139.5,ibis Styles Mt Isa Verona
159,Loubomo,CG,71.94,overcast clouds,-4.1997,12.6739,La Dolisienne
160,Nova Odesa,UA,60.69,overcast clouds,47.3078,31.7851,–ì–æ—Ç–µ–ª—å –ö—Ä—É–∏–∑
161,Bambous Virieux,MU,71.85,broken clouds,-20.3428,57.7575,Casa Tia Villa
162,Lompoc,US,87.01,mist,34.6391,-120.4579,"Holiday Inn Express Lompoc, an IHG Hotel"
163,San Quintin,MX,77.38,clear sky,30.4833,-115.95,Don Eddie's Sport Fishing Center
165,Balykshi,KZ,62.6,clear sky,47.0667,51.8667,–ì–æ—Å—Ç–∏–Ω–∏—Ü–∞ Golden Rose
166,Ghanzi,BW,74.46,clear sky,-21.5667,21.7833,Ghanzi Farmhouse
168,Grand Gaube,MU,72.0,scattered clouds,-20.0064,57.6608,Veranda Paul et Virginie Hotel & Spa
169,Senigallia,IT,66.29,overcast clouds,43.7093,13.2167,Hotel Universal
170,Samarai,PG,82.44,overcast clouds,-10.6167,150.6667,Nuli Sapi
171,Conakry,GN,80.02,overcast clouds,9.538,-13.6773,Riviera Royal Hotel
172,Alofi,NU,71.49,moderate rain,-19.0595,-169.9187,Taloa Heights
173,Camana,PE,63.09,scattered clouds,-16.6228,-72.7111,Hostal Morales
177,Praia Da Vitoria,PT,70.05,few clouds,38.7333,-27.0667,Hotel Branco I
180,Lipari,IT,73.2,clear sky,38.4674,14.954,Hotel Villa Augustus
183,Awbari,LY,87.87,clear sky,26.5921,12.7805,ÿßÿ≥ÿ™ÿ±ÿßÿ≠ÿ© ÿßŸÑÿ¥ÿßÿ±ÿ® ÿßŸÑÿπÿßÿ¶ŸÑŸä
184,Port Blair,IN,80.31,overcast clouds,11.6667,92.75,"Welcomhotel By ITC Hotels, Bay Island, Port Blair"
186,Westport,US,71.08,few clouds,41.1415,-73.3579,The Westport Inn
188,Nueve De Julio,AR,71.96,clear sky,-35.4444,-60.8831,Grand Hotel Libertad - GHL
189,Omboue,GA,75.13,light rain,-1.5746,9.2618,Hotel Olako
190,Kloulklubed,PW,80.06,overcast clouds,7.0419,134.2556,Storyboard Beach Resort
192,Kahului,US,87.82,few clouds,20.8947,-156.47,Maui Seaside Hotel
193,Mount Kisco,US,67.82,few clouds,41.2043,-73.7271,Crabtree's Kittle House Restaurant & Inn
195,Algiers,DZ,66.02,few clouds,36.7525,3.042,Sofitel Algiers Hamma Garden
196,Quatre Cocos,MU,71.71,broken clouds,-20.2078,57.7625,Sunrise Attitude Hotel
197,Ribeira Grande,PT,70.7,broken clouds,38.5167,-28.7,Quinta da Meia Eira
199,Muli,MV,81.09,overcast clouds,2.9167,73.5667,Medhufushi Island Resort
202,Manzanillo,CU,86.92,overcast clouds,20.3433,-77.1167,"HOSTAL ""THE YELLOW HOUSE"""
204,Pemangkat,ID,77.86,overcast clouds,1.1667,108.9667,Hotel Duyung Permai 2
205,Awjilah,LY,86.38,clear sky,29.1081,21.2869,ÿßŸÑŸÖŸÜÿ≤ŸÑ
208,Pemba,MZ,74.1,few clouds,-12.974,40.5178,Guesthouse Samotina
209,Puerto Ayacucho,VE,75.07,overcast clouds,5.6639,-67.6236,Posada Turistica Manapiare
212,Pochutla,MX,79.03,overcast clouds,15.7432,-96.4661,Hotel Posada San Jose
213,Meulaboh,ID,73.02,overcast clouds,4.1363,96.1285,Kost Pria
216,Chingola,ZM,67.71,scattered clouds,-12.529,27.8838,Protea Hotel by Marriott Chingola
217,Rabaul,PG,79.86,overcast clouds,-4.1967,152.1721,Rabaul Hotel
218,Batu Gajah,MY,77.11,few clouds,4.4692,101.0411,Pusing Paradise Homestay
219,Rantauprapat,ID,72.03,overcast clouds,2.1,99.8333,Permata Land Hotel & Resort
221,Capaccio,IT,61.05,scattered clouds,40.4244,15.0809,"Residenza Giancesare - B&B, Casa Vacanze, Country house"
224,Scottsbluff,US,79.92,clear sky,41.8666,-103.6672,Hampton Inn & Suites Scottsbluff-Conference Center
226,Jalu,LY,85.86,clear sky,29.0331,21.5482,ÿµÿßÿ≠ÿ®ÿ© ÿßŸÑŸÅÿÆÿßŸÖÿ©
228,Dawlatabad,AF,64.38,clear sky,36.4141,64.9053,WASIM ASGAR KHAN
229,Yatou,CN,62.89,overcast clouds,37.15,122.3833,GreenTree Hotel Rongcheng Bus Station
231,Puerto Ayora,EC,75.16,broken clouds,-0.7393,-90.3518,Finch Bay Galapagos Hotel
232,Saint-Joseph,RE,64.78,few clouds,-21.3667,55.6167,"""Plantation Bed and Breakfast"
233,Tahoua,NE,85.98,clear sky,14.8888,5.2692,Bungalows Guesthouse
235,Zacatepec,MX,83.17,scattered clouds,18.65,-99.2,Villas El Para√≠so
238,Tibacuy,CO,87.84,broken clouds,4.3511,-72.4564,hospedaje las palmas
243,Jackson,US,89.02,clear sky,42.4165,-122.8345,Agate Village Apartments
248,Katsuura,JP,70.75,broken clouds,35.1333,140.3,Katsuura Hotel Mikazuki
249,Ruangwa,TZ,66.24,scattered clouds,-10.0667,38.9333,Bariadi Inn & lodge
250,Vila Velha,BR,76.95,broken clouds,-20.3297,-40.2925,Hotel Vit√≥ria Palace
251,Matamoros,MX,84.11,broken clouds,25.5333,-103.25,Quinta Belem
253,Chon Daen,TH,73.04,overcast clouds,16.1895,100.8596,‡∏ã‡∏±‡∏ö‡∏Ç‡∏•‡∏∏‡∏á
255,Kununurra,AU,82.38,overcast clouds,-15.7667,128.7333,Hotel Kununurra
260,Itoman,JP,79.57,few clouds,26.1247,127.6694,Southern Beach Hotel & Resort Okinawa
261,Porto Belo,BR,69.8,overcast clouds,-27.1578,-48.5531,Costa Verde Beach Hotel
263,Jilib,SO,74.1,scattered clouds,0.4883,42.7854,Waadi Hotel
264,Finschhafen,PG,81.45,overcast clouds,-6.6024,147.8681,Oasis Gagidu Ltd
267,Mwingi,KE,65.16,clear sky,-0.9344,38.0601,Thorn Tree by The Address
269,Pisco,PE,65.01,overcast clouds,-13.7,-76.2167,Hotel San Isidro Oficial
270,San Andres,CO,84.22,overcast clouds,12.5847,-81.7006,Hotel Arena Blanca
271,Karachi,PK,78.62,few clouds,24.9056,67.0822,Sadaat
273,Belmonte,BR,73.67,clear sky,-15.8631,-38.8828,Pousada Monte Carmelo O P√£o
274,Makakilo City,US,86.32,broken clouds,21.3469,-158.0858,Marriott's Ko Olina Beach Club
277,Marsa Matruh,EG,77.2,clear sky,31.3525,27.2453,Beau Site
279,Ailigandi,PA,82.35,overcast clouds,9.2333,-78.0167,Akwa Reef Lodge
280,Andros,GR,76.73,broken clouds,37.8333,24.9333,Micra Anglia Hotel - Andros
283,Havelock,US,78.78,broken clouds,34.8791,-76.9013,Sherwood Motel
285,Padron,ES,64.13,scattered clouds,42.7388,-8.6606,Chef Rivera
286,Faanui,PF,78.33,clear sky,-16.4833,-151.75,Bora-Bora Pearl Beach Resort & Spa
287,Tarauaca,BR,88.77,broken clouds,-8.1614,-70.7656,Flat Temporada
289,Milos,GR,73.96,broken clouds,36.75,24.4333,Agn√°nti
293,Haimen,CN,73.29,broken clouds,23.1935,116.6142,Shantou Chaoyang Donghui Hotel
295,Ajaccio,FR,66.25,broken clouds,42.0,8.9167,Sole E Monte
296,Buenos Aires,AR,75.09,clear sky,-34.6132,-58.3772,Hotel NH Buenos Aires City
297,Coihueco,CL,68.74,clear sky,-36.6167,-71.8333,"Frutillares, Coihueco"
298,Barra Da Estiva,BR,67.84,clear sky,-13.6261,-41.3269,Pousada Central
299,Buta,CD,68.4,overcast clouds,2.7858,24.73,H√¥tel BOPANDO
300,Morondava,MG,76.28,clear sky,-20.2833,44.2833,La Case Bambou
301,Aloleng,PH,78.84,overcast clouds,16.1307,119.7824,Steve Walden and Emma Sison-Walden Residence
302,Prince Albert,CA,71.55,broken clouds,53.2001,-105.7677,"Holiday Inn Express & Suites Prince Albert, an IHG Hotel"
303,Kavieng,PG,83.59,broken clouds,-2.5744,150.7967,Nusa Island Retreat
304,Ariquemes,BR,87.62,broken clouds,-9.9133,-63.0408,Hotel Sol Nascente - Ariquemes - RO
305,Salalah,OM,80.69,broken clouds,17.0151,54.0924,"HAMDAN PLAZA HOTEL SALALAH, an HTG Hotel"
306,Talara,PE,74.16,clear sky,-4.5772,-81.2719,Hostal Oro Negro
307,Souillac,MU,71.98,broken clouds,-20.5167,57.5167,Shanti Maurice Resort & Spa
308,Torbay,CA,70.57,broken clouds,47.6666,-52.7314,Gallows Cove
309,Faya,SA,68.11,clear sky,18.3851,42.4509,ÿßŸÖŸÑÿßŸÉ ÿÆÿßŸÑÿØ ÿßŸÑÿ¥ÿπÿ¥Ÿàÿπ
310,Hualmay,PE,63.84,overcast clouds,-11.0964,-77.6139,Hotel Villa Kitzia Huacho
314,Paea,PF,82.11,light rain,-17.6833,-149.5833,Marama Lodge
316,Half Moon Bay,US,79.88,clear sky,37.4636,-122.4286,"The Ritz-Carlton, Half Moon Bay"
317,Mecca,SA,85.91,clear sky,21.4267,39.8261,"Makkah Clock Royal Tower, A Fairmont Hotel"
321,Kerema,PG,79.93,moderate rain,-7.9631,145.7785,Frena Lodge
322,Tura,IN,72.07,broken clouds,25.5198,90.2201,Hotel RIKMAN Continental
323,Pimampiro,EC,68.85,scattered clouds,0.4,-77.9667,Jireh Casa Hostal
325,Saurimo,AO,67.5,scattered clouds,-9.6608,20.3916,Hotel Kawissa Saurimo
327,Noumea,NC,78.78,clear sky,-22.2763,166.4572,H√¥tel Le Lagon
332,Mahon,ES,68.56,few clouds,39.8885,4.2658,ARTIEM Capri
333,Lorengau,PG,83.01,overcast clouds,-2.0226,147.2712,Lorengau Harbourside Hotel
335,Maceio,BR,78.24,clear sky,-9.6658,-35.7353,Hotel Ponta Verde Macei√≥
337,Najran,SA,75.85,clear sky,17.4924,44.1277,ŸÖÿ≠ŸÖÿØ ŸáÿßÿØŸä ÿßŸÑ ŸÅÿ∑Ÿäÿ≠
338,Smithers,CA,66.52,broken clouds,54.7804,-127.1743,"Prestige Hudson Bay Lodge, Premier Collection"
340,Porto Novo,BJ,78.62,overcast clouds,6.4965,2.6036,Tour Eiffel Hotel Benin
342,Hami,CN,66.6,clear sky,42.8,93.45,Laoyutang Resort
343,La Paz,BO,66.18,scattered clouds,-16.5,-68.15,Hotel Presidente
344,Bubaque,GW,80.49,overcast clouds,11.2833,-15.8333,"Casa Dora, Bubaque"
346,Palauig,PH,78.73,overcast clouds,15.435,119.9045,Villa Raphael Resort
347,Bundibugyo,UG,66.49,overcast clouds,0.7414,30.0417,R.A. Kaliisa Accomodations
349,Oxbow,CA,62.64,few clouds,49.2333,-102.1676,Bow Manor Motor Hotel
350,Bisalpur,IN,73.45,clear sky,28.3,79.8,Haseen warsi
352,Mersing,MY,75.11,scattered clouds,2.4312,103.8405,Timotel Hotel
353,Jaru,BR,88.03,overcast clouds,-10.4389,-62.4664,Hotel Paran√°
355,Timbauba,BR,70.16,few clouds,-7.5053,-35.3183,Alane‚Äôs house
357,East London,ZA,67.82,light rain,-33.0153,27.9116,Tu Casa
358,Fort Nelson,CA,76.59,scattered clouds,58.8053,-122.7002,The Fort Nelson Hotel
359,Gonbad-E Qabus,IR,70.75,clear sky,37.25,55.1672,⁄ØŸÑ⁄©ÿØŸá ⁄ØŸÑÿ¥ŸÜ
360,Cocachacra,PE,63.1,few clouds,-17.0883,-71.7575,Hospedaje - El Refugio
361,Apozol,MX,80.33,overcast clouds,21.4833,-103.1,Para√≠so Caxc√°n
363,Altos,BR,89.91,scattered clouds,-5.0381,-42.46,Pousada Das Aguias
367,Mareeba,AU,72.32,few clouds,-17.0,145.4333,Trinity Plains Tourist Park
368,Waddan,LY,89.17,clear sky,29.1614,16.139,ŸÖÿ≠ŸÑ ÿßŸÑÿ¥ÿ±ŸäŸÅ ŸÖÿ≠ŸÖÿØ ÿßŸÑÿπÿßŸäÿ®
369,Toamasina,MG,66.2,scattered clouds,-18.1667,49.3833,Hotel H1
372,Korla,CN,68.34,clear sky,41.7597,86.1469,Gulisitan Hotel
374,Progreso,MX,87.91,clear sky,21.2833,-89.6667,Playa Linda Hotel
376,Mao,ES,68.56,few clouds,39.8885,4.2658,ARTIEM Capri
378,Aden,YE,89.4,clear sky,12.7794,45.0367,Sama Emirate Hotel
380,Cap Malheureux,MU,71.47,scattered clouds,-19.9842,57.6142,Pereybere Hotel & Spa
381,Baiao,BR,82.45,broken clouds,-2.7906,-49.6717,Munic√≠pio de Bai√£o
382,Menongue,AO,75.15,overcast clouds,-14.6585,17.691,Ritz Lauca
385,Bam,IR,78.13,clear sky,29.106,58.357,Bam Tourist Hotel
386,Honiara,SB,81.54,overcast clouds,-9.4333,159.95,Heritage Park Hotel
390,Prata,BR,71.87,overcast clouds,-19.3072,-48.9242,Hotel Pontal Aluga-se Quitinetes e su√≠tes mensalmente
391,Namibe,AO,62.78,overcast clouds,-15.1961,12.1522,Hotel Chik Chik Namibe
392,Bonavista,CA,62.91,overcast clouds,48.6499,-53.1147,Sweet Sharons bnb
393,Orocue,CO,86.34,broken clouds,4.7912,-71.3354,Hotel Brisas de San Miguel
394,Isangel,VU,80.71,few clouds,-19.55,169.2667,Tanna Lodge
395,Vallenar,CL,65.97,clear sky,-28.5708,-70.7581,Humacao Bed & Breakfast
396,Denpasar,ID,76.71,scattered clouds,-8.65,115.2167,OYO 3156 Hotel Warta 2
397,Lincoln,US,82.31,clear sky,40.8,-96.667,Courtyard by Marriott Lincoln Downtown/Haymarket
399,Moerai,PF,74.21,broken clouds,-22.4333,-151.3333,Le Manotel
400,Matiguas,NI,81.77,overcast clouds,12.8373,-85.4622,Hotel Bethel
404,Katiola,CI,70.43,scattered clouds,8.1333,-5.1,Auberge Residence Yebin
406,Tokmak,UA,64.87,overcast clouds,47.2514,35.7058,–î–æ–º –ø—Ä–∏–µ–∑–∂–∏—Ö
408,Pacifica,US,79.07,few clouds,37.6138,-122.4869,"Pacifica Lighthouse, Trademark Collection by Wyndham"
409,Sola,VU,83.07,scattered clouds,-13.8833,167.55,Leumerus Bungalows
410,Manggar,ID,79.45,broken clouds,-2.8833,108.2667,Guest Hotel
411,Manavalakurichi,IN,77.7,scattered clouds,8.1333,77.3,Jebinrio home
413,Outram,MY,78.73,broken clouds,1.2829,103.8379,Grand Copthorne Waterfront
414,Manoel Urbano,BR,90.0,overcast clouds,-8.8389,-69.2597,Baixada Beira Rio
422,Sao Filipe,CV,78.28,scattered clouds,14.8961,-24.4956,Hotel Xaguate
424,Popondetta,PG,82.96,broken clouds,-8.7537,148.2534,Timos Transit House
426,Abhar,IR,61.86,clear sky,36.1468,49.218,ŸÖÿ±⁄©ÿ≤ ÿ™ÿ¥ÿÆ€åÿµ ÿ±ŸÜ⁄Ø ÿÆŸàÿØÿ±Ÿà ⁄©ÿ±ŸÖ€å
427,Peniche,PT,64.29,clear sky,39.3558,-9.3811,Hotel Star inn Peniche
428,Mahenge,TZ,60.6,few clouds,-8.6833,36.7167,Mahenge ulanga
429,Song Phi Nong,TH,74.17,overcast clouds,14.2241,100.0209,‡πÅ‡∏Æ‡∏õ‡∏õ‡∏µ‡πâ‡πÄ‡∏Æ‡πâ‡∏≤‡∏™‡πå ‡∏£‡∏µ‡∏™‡∏≠‡∏£‡πå‡∏ó
430,Khandbari,NP,67.42,scattered clouds,27.3747,87.2039,Sainik Hotel And Lodge
432,Le Port,RE,69.76,few clouds,-20.9373,55.2919,KORBEY D'OR OUEST
433,Beyneu,KZ,64.22,broken clouds,45.3167,55.2,NUR
435,Namatanai,PG,82.35,overcast clouds,-3.6667,152.4333,Seagulls Inn Namatani
438,Manokwari,ID,78.4,broken clouds,-0.8667,134.0833,Swiss Belhotel Manokwari
439,Chino Valley,US,89.13,clear sky,34.7575,-112.4538,Primrose Inn & Suites
441,Belle Glade,US,78.01,overcast clouds,26.6845,-80.6676,Mid-City Trailer Park
442,Palmer,US,68.25,scattered clouds,42.1584,-72.3287,Wedgewood Motel
443,Fukue,JP,73.8,broken clouds,32.6881,128.8419,Goto Guesthouse Utojuku & SA Car Rental
444,Netivot,IL,75.09,clear sky,31.4222,34.5886,"'◊ë◊ô◊™ ◊î◊ó◊°◊ì - ◊û◊ï◊°◊ì◊ï◊™ ◊û◊ê◊ï◊®◊ï◊™ ◊†◊™◊ü' - ◊û◊ô◊°◊ï◊ì◊ï ◊©◊ú ◊î◊®◊ë ◊†◊™◊ü ◊ë◊ï◊ß◊ï◊ë◊ñ◊î ◊ñ◊¶◊ï◊ß""◊ú"
445,Kpandae,GH,71.44,overcast clouds,8.4689,-0.0113,Catholic Guest House
446,Limbang,MY,77.05,overcast clouds,4.75,115.0,Purnama Hotel
447,Hervey Bay,AU,72.01,overcast clouds,-25.2986,152.8535,Shelly Bay Resort
449,Lakota,CI,71.04,light rain,5.8528,-5.6883,Aziz bah divers
451,Buala,SB,82.92,overcast clouds,-8.145,159.5921,Maringe Lagoon Lodge
452,Manvi,IN,78.89,overcast clouds,15.9833,77.05,swami vivekananda xerox manvi
454,Oistins,BB,80.69,scattered clouds,13.0667,-59.5333,Butterfly Beach Hotel
456,Lagoa,PT,69.82,broken clouds,39.05,-27.9833,Casa Das Faias
457,Techiman,GH,68.31,scattered clouds,7.5862,-1.9414,KONTINENTAL LODGE
458,Kudahuvadhoo,MV,81.39,overcast clouds,2.6708,72.8944,Niyama Private Islands Maldives
459,Zanjan,IR,64.11,clear sky,36.6736,48.4787,Qasr Hotel
461,Deer Lake,CA,67.86,overcast clouds,49.1667,-57.4316,"Holiday Inn Express Deer Lake, an IHG Hotel"
463,Prince Rupert,CA,64.49,overcast clouds,54.3161,-130.3201,Crest Hotel
464,Dinanagar,IN,72.0,clear sky,32.15,75.4667,Hotel Raavi
466,Cayenne,GF,84.24,clear sky,4.9333,-52.3333,H√¥tel Le Dronmi
468,Melilla,ES,73.78,clear sky,35.2937,-2.9383,Hotel Anfora
470,Christchurch,NZ,62.91,broken clouds,-43.5333,172.6333,The George
471,Sinnamary,GF,79.9,broken clouds,5.3833,-52.95,ALETHEIA Appartement Sinnamary
472,Iquique,CL,60.84,few clouds,-20.2208,-70.1431,Backpacker`s Hostel Iquique
473,Kikwit,CD,73.58,light rain,-5.041,18.8162,HOTEL PLACE YALABA
474,Jos,NG,65.57,light rain,9.9167,8.9,Silk Suites
475,Fortuna,US,68.94,broken clouds,40.5982,-124.1573,Super 8 by Wyndham Fortuna
476,Loa Janan,ID,72.46,overcast clouds,-0.583,117.095,Kost bu jono
477,Saint-Pierre,RE,65.88,scattered clouds,-21.3393,55.4781,Alize Plage
479,Odweyne,SO,74.28,light rain,9.4092,45.064,Eng Hiirey House
480,Enshi,CN,62.15,overcast clouds,30.3,109.4833,Moevenpick Enshi
482,Kupang,ID,77.58,broken clouds,-10.1667,123.5833,Hotel On The Rock by Prasanthi
484,Kolokani,ML,76.86,light rain,13.5728,-8.0339,Lycee Famolo Coulibalibali De Kolokani
485,Katobu,ID,74.43,overcast clouds,-4.9408,122.5276,La Ode Husein
486,Ilhabela,BR,68.68,moderate rain,-23.7781,-45.3581,Ilha Flat Hotel
488,Tibiri,NE,83.41,broken clouds,13.5627,7.0485,FADA GAO FA TIBIRI
492,Diffa,NE,84.78,overcast clouds,13.3154,12.6113,ProDAF/Diffa
493,Longyan,CN,68.58,clear sky,25.1072,117.0225,Jinjiang Inn Longyan Zhongshan Road Pedestrian Street
494,Biltine,TD,80.11,overcast clouds,14.5333,20.9167,H√¥tel Trois √âtoiles de Biltine
498,Dingle,PH,75.58,overcast clouds,10.9995,122.6711,SEGAYA PROPERTY
499,Cairo,EG,81.36,clear sky,30.0626,31.2497,Grand Hotel
500,Tabou,CI,75.22,moderate rain,4.423,-7.3528,hot√™l doufoulougou
502,Saint-Paul,RE,69.89,few clouds,-21.0096,55.2707,Boucan Canot
503,Willmar,US,62.55,clear sky,45.1219,-95.0433,Lakeview Inn
505,Liwan,PH,74.57,overcast clouds,17.5191,121.632,PARANG PARAISO RESORT AND FISHPOND
508,San Cristobal,VE,78.98,overcast clouds,7.7669,-72.225,Pirineos
509,Benguela,AO,71.01,broken clouds,-12.5763,13.4055,Hotel Praia Morena
510,Quballat,TN,69.48,clear sky,36.5418,9.6633,Dar 3ezdin chalby
512,Port Hedland,AU,62.65,scattered clouds,-20.3167,118.5667,The Esplanade Hotel
513,Victoria,HK,84.38,overcast clouds,22.2855,114.1577,Mini Central
514,Pringsewu,ID,73.11,overcast clouds,-5.3582,104.9744,Urban Style by Front One
518,Springfield,US,82.22,clear sky,37.2153,-93.2982,Best Western Route 66 Rail Haven
520,Bowling Green,US,73.33,clear sky,36.9903,-86.4436,Hilton Garden Inn Bowling Green
521,Kouroussa,GN,72.09,light rain,10.65,-9.8833,Hotel Tando Plus
522,Ojinaga,MX,87.57,scattered clouds,29.5667,-104.4167,Suites Las Palmas
523,Illapel,CL,62.19,scattered clouds,-31.6308,-71.1653,Hotel Londres
524,Itarema,BR,78.3,clear sky,-2.9248,-39.9167,"Sea Lounge! Bar, Club & Restaurant"
526,Bereda,ES,60.42,overcast clouds,43.2686,-7.5406,Pazo de Verdes
527,Touros,BR,76.71,clear sky,-5.1989,-35.4608,INN NEW HORIZON
528,Bentiu,SS,74.73,clear sky,9.2333,29.8333,Mandela h√¥tel
529,Ambulu,ID,71.28,scattered clouds,-8.345,113.6058,Hotel Ambulu Jember
530,Kandrian,PG,80.49,overcast clouds,-6.2167,149.55,Kandrian Station
531,Sabha,LY,88.52,clear sky,27.0377,14.4283,ŸÖÿ≠ÿ∑ÿ© ÿßŸÖ ÿßŸÑÿßÿ±ÿßŸÜÿ® -ÿ≥ÿ®Ÿáÿß ŸÖŸàÿßÿµŸÑÿßÿ™
532,Weligama,LK,77.83,overcast clouds,5.9667,80.4167,Weligama Bay Resort
536,Tezu,IN,73.51,few clouds,27.9167,96.1667,Circuit House
537,Hasaki,JP,66.6,overcast clouds,35.7333,140.8333,Inubosaki Kanko Hotel
540,Senador Jose Porfirio,BR,81.77,broken clouds,-2.5908,-51.9542,Pousada Novo Horizonte
543,Saint Anthony,US,60.42,clear sky,45.0205,-93.218,"Holiday Inn Express Roseville-St. Paul, an IHG Hotel"
544,Nizwa,OM,78.89,clear sky,22.9333,57.5333,Orient Apartments
546,Nabire,ID,75.38,overcast clouds,-3.3667,135.4833,Hotel Nusantara I
547,Praia,CV,81.14,few clouds,14.9215,-23.5087,LT Aparthotel
548,Sao Sebastiao,BR,68.5,moderate rain,-23.76,-45.4097,Hotel Recanto dos P√°ssaros
549,Erenhot,CN,62.89,scattered clouds,43.6475,111.9767,Erenhot Rurouni Youth Hostel
553,Iracoubo,GF,79.93,scattered clouds,5.4802,-53.2011,Le G√Æte d‚ÄôIracoubo
554,Yafran,LY,77.32,overcast clouds,32.0633,12.5286,ÿ®ŸäŸàÿ™ ÿßŸÑÿ¥ÿ®ÿßÿ® ÿ®ŸäŸÅÿ±ŸÜ
556,Erzin,TR,68.31,clear sky,36.9559,36.2,Artemis Otel
557,Hirara,JP,79.07,scattered clouds,24.8,125.2833,Hotel Atoll Emerald Miyakojima
559,General Pico,AR,69.39,scattered clouds,-35.6566,-63.7568,Euskadi Hotel
560,Abu Kamal,SY,77.43,clear sky,34.4506,40.9171,ÿßŸÑÿ®ŸàŸÉŸÖÿßŸÑ
562,West Wendover,US,76.21,clear sky,40.7391,-114.0733,"Motel 6 Wendover, UT"
565,El Tigre,VE,81.37,overcast clouds,8.8875,-64.2454,Hotel Santa Cruz
566,Nisia Floresta,BR,80.98,clear sky,-6.0911,-35.2086,Rancho Crepusculo
567,Praya,CV,81.14,few clouds,14.9215,-23.5087,LT Aparthotel
570,Khash,IR,66.33,clear sky,28.2211,61.2158,ÿÆŸàÿßÿ®⁄ØÿßŸá ÿ¢ÿ®ÿ¨€å ŸÖÿ≠ÿØÿ´Ÿá
571,Suratgarh,IN,83.28,clear sky,29.3167,73.9,Maharaja Hotel
572,Igunga,TZ,74.61,overcast clouds,-4.2833,33.8833,Serena Lodge
573,Bonthe,SL,76.5,overcast clouds,7.5264,-12.505,Bonthe Holiday Village
575,Trairi,BR,78.3,clear sky,-3.2778,-39.2689,janelas do mar
576,Luanda,AO,72.0,overcast clouds,-8.8368,13.2343,EPIC SANA Luanda
577,Ranong,TH,78.42,overcast clouds,9.9658,98.6348,Numsai Khaosuay Resort Ranong
578,Cognac,FR,62.2,overcast clouds,45.5,-0.25,Domaine de Pladuc
579,Wilmington,US,75.11,overcast clouds,34.2257,-77.9447,"Hotel Ballast Wilmington, Tapestry Collection by Hilton"
580,Port Macquarie,AU,60.89,overcast clouds,-31.4333,152.9167,Rydges Port Macquarie
581,La Cruz,MX,88.18,clear sky,23.9167,-106.9,Jes√∫s angel
583,Huarmey,PE,65.05,broken clouds,-10.0681,-78.1522,Hotel Miramar
585,Tarakan,ID,76.5,scattered clouds,3.3,117.6333,RedDoorz Syariah near Taman Berlabuh Tarakan
586,Cam Ranh,VN,78.76,scattered clouds,11.9214,109.1591,OYO 598 Peony Hotel
592,Anito,PH,77.05,light rain,12.4497,125.2886,El Felix Cottages
598,Sale,MA,69.75,scattered clouds,34.0389,-6.8166,H√¥tel Mercure Rabat Sheherazade
599,Kiama,AU,64.0,overcast clouds,-34.6833,150.8667,The Sebel Kiama Harbourside
603,Anloga,GH,77.65,overcast clouds,5.7947,0.8973,Pin Drop Hotel
604,Morgan City,US,84.0,clear sky,29.6994,-91.2068,Hampton Inn & Suites Morgan City
606,Forestville,US,70.23,few clouds,38.8451,-76.875,Quality Inn Near Joint Base Andrews-Washington Area
609,Ishii,JP,71.51,light rain,34.0667,134.4333,„Éõ„ÉÜ„É´„Éè„ÉÉ„Éî„Éº„Çπ„Éé„Éº„Éû„É≥
611,Lavumisa,SZ,72.37,broken clouds,-27.31,31.892,ROADSIDE B&B
614,Bairiki,KI,84.2,scattered clouds,1.3292,172.9752,Tarawa Boutique Hotel
615,Pascagoula,US,83.12,clear sky,30.3658,-88.5561,Regency Inn
616,Raymond,US,66.51,broken clouds,43.9015,-70.4703,Migis Lodge at Sebago Lake
617,Ketchikan,US,61.77,overcast clouds,55.3422,-131.6461,Snow's Cove Lodge
619,Kodinar,IN,76.39,clear sky,20.7903,70.7031,residency of N.B vadhel
620,Kibungo,RW,67.12,broken clouds,-2.1597,30.5427,Kibungo - Centre St. Joseph Guest House
621,Marovoay,MG,69.78,clear sky,-16.1,46.6333,H√¥tel les Oliviers Marovoay
622,Kailua,US,87.78,scattered clouds,21.4022,-157.7394,Sheffield House Bed & Breakfast
624,Bouar,CF,63.3,overcast clouds,5.934,15.596,Motel de l'UNITE
625,Talcahuano,CL,64.08,clear sky,-36.7167,-73.1167,departamento comodo
626,Vanimo,PG,78.15,overcast clouds,-2.6741,141.3028,Vahmoneh Lodge Vanimo
628,Marsabit,KE,68.54,clear sky,2.3284,37.9899,Chicho Hotel
629,Xiamen,CN,80.26,broken clouds,24.4798,118.0819,Xiamen Dongchen Hotel
631,Richards Bay,ZA,69.8,light rain,-28.783,32.0377,BON Hotel Waterfront Richards Bay
634,Mastic Beach,US,70.11,clear sky,40.7668,-72.8521,Brushwood House by Smith Point Beach
636,Port Moresby,PG,74.62,haze,-9.4431,147.1797,Lamana Hotel (Port Moresby)
638,Lazurne,UA,65.91,overcast clouds,46.084,32.5295,New Manna Hostel
639,Irbil,IQ,80.33,clear sky,36.1926,44.0106,Erbil International Hotel
640,Barcelos,PT,63.91,clear sky,41.5388,-8.6151,Hotel Do Ter√ßo
644,Abu Dhabi,AE,87.91,few clouds,24.4667,54.3667,Beach Rotana
646,Oyama,JP,71.58,overcast clouds,36.3,139.8,Toyoko Inn Oyama-eki Higashi-guchi No.1
648,The Pas,CA,64.42,clear sky,53.8251,-101.2541,Wescana Inn
649,Sitangkai,PH,83.32,overcast clouds,4.6628,119.3928,Ama House
650,Mastung,PK,65.48,clear sky,29.7994,66.845,Al Hasnan Cold Drink Santer
651,Kulhudhuffushi,MV,80.49,broken clouds,6.6221,73.07,Haajy Guest House 1
652,Dhidhdhoo,MV,81.37,broken clouds,6.8833,73.1,Dhidhoo beach
655,Washington,US,87.15,clear sky,47.5001,-120.5015,"Cashmere Cider Mill Guest Suites, Weddings & Tasting Room"
657,Wewak,PG,79.39,light rain,-3.5534,143.6268,In Wewak Boutique Hotel
658,Loei,TH,63.32,overcast clouds,17.4167,101.5,Ban Aloi Resort
659,Byron Bay,AU,69.94,overcast clouds,-28.65,153.6167,Backpackers Inn
661,Pokhara,NP,65.41,clear sky,28.2333,83.9833,OYO 170 Hotel View Point
662,Kamaishi,JP,64.26,overcast clouds,39.2667,141.8833,Hotel Route Inn Kamaishi
666,Borborema,BR,73.33,overcast clouds,-21.6197,-49.0736,Reday Hotel
667,Civitavecchia,IT,67.82,clear sky,42.0933,11.7967,Hotel Mediterraneo
669,Nago,JP,79.65,clear sky,26.5881,127.9761,Hotel Yugaf Inn Okinawa
670,Guiratinga,BR,83.05,broken clouds,-16.3494,-53.7583,Hotel Angra do Cerrado - Guiratinga MT
673,Sinjar,IQ,77.95,clear sky,36.3209,41.8754,ÿ≤ŸàŸÖÿßŸÜŸä ŸÅŸàŸÜ 1
674,Damietta,EG,78.69,clear sky,31.4165,31.8133,SULIMAN INN
675,Muisne,EC,74.17,overcast clouds,0.6,-80.0333,Quinta Samay
676,Swift Current,CA,79.61,clear sky,50.2834,-107.8014,"Motel 6 Swift Current, SK"
677,La Ronge,CA,71.85,scattered clouds,55.1001,-105.2842,Northland Motor Hotel
679,Chicama,PE,61.34,scattered clouds,-7.8447,-79.1469,Balihai Bungalows
680,Ambilobe,MG,65.75,clear sky,-13.2,49.05,H√¥tel & Restaurant DIANA Ambilobe
681,Am Timan,TD,67.71,light rain,11.0297,20.2827,Palais du chef Canton Salamt
683,Abong Mbang,CM,66.16,broken clouds,3.9833,13.1833,Auberge Angle Sur
684,Kropotkin,RU,62.87,overcast clouds,45.4375,40.5756,Hotel Europe Kropotkin
685,Abakaliki,NG,74.17,overcast clouds,6.3163,8.1169,Grande Vitesse Apartments and Hotels
686,Yantzaza,EC,78.39,overcast clouds,-3.8278,-78.7594,HOTEL ALEJANDRO YANTZAZA
689,Luau,AO,69.4,broken clouds,-10.7073,22.2247,Kimbo Hotel
690,Buguda,IN,76.32,overcast clouds,19.8167,84.8,Biradhanajya pur
692,Taraclia,MD,63.03,overcast clouds,45.9,28.6689,Luxor
696,Maningrida,AU,78.73,overcast clouds,-12.0667,134.2667,Dhukurrdji Lodge
